[{"model": "Myapp.topic", "pk": 1, "fields": {"name": "Web Development", "category": 6}}, {"model": "Myapp.topic", "pk": 2, "fields": {"name": "Management", "category": 1}}, {"model": "Myapp.topic", "pk": 3, "fields": {"name": "Economics", "category": 3}}, {"model": "Myapp.topic", "pk": 4, "fields": {"name": "IT Certification", "category": 2}}, {"model": "Myapp.topic", "pk": 5, "fields": {"name": "Sports", "category": 4}}, {"model": "Myapp.student", "pk": 2, "fields": {"school": "WS", "address": "123 University Avenue", "city": "WS", "avatar": "", "interested_in": [1, 2, 3, 4]}}, {"model": "Myapp.student", "pk": 3, "fields": {"school": "WS", "address": "235 Sunset Avenue", "city": "WS", "avatar": "", "interested_in": [1, 3]}}, {"model": "Myapp.student", "pk": 4, "fields": {"school": "WS", "address": "306 Prince Street", "city": "WS", "avatar": "", "interested_in": [2, 3, 4]}}, {"model": "Myapp.student", "pk": 5, "fields": {"school": "WS", "address": "442 Sunset Avenue", "city": "WS", "avatar": "avatar/Test_HlpPMBa.png", "interested_in": [1, 2, 3, 4, 5]}}, {"model": "Myapp.student", "pk": 6, "fields": {"school": "WS", "address": "987 King Street", "city": "WS", "avatar": "", "interested_in": [2]}}, {"model": "Myapp.student", "pk": 9, "fields": {"school": "WS", "address": "asdfwdq", "city": "WS", "avatar": "", "interested_in": [1, 2, 3, 4, 5]}}, {"model": "Myapp.student", "pk": 10, "fields": {"school": "WS", "address": "ads", "city": "WS", "avatar": "avatar/Test.png", "interested_in": [1, 2, 3, 4]}}, {"model": "Myapp.student", "pk": 17, "fields": {"school": "WS", "address": "539 Birmingham Ave", "city": "WS", "avatar": "", "interested_in": [1, 2, 3, 4]}}, {"model": "Myapp.student", "pk": 18, "fields": {"school": "WS", "address": "sad", "city": "WS", "avatar": "", "interested_in": [1, 2]}}, {"model": "Myapp.student", "pk": 19, "fields": {"school": "WS", "address": "tester4", "city": "WS", "avatar": "", "interested_in": [1, 2, 3]}}, {"model": "Myapp.course", "pk": 1, "fields": {"topic": 1, "name": "Web Development Bootcamp", "price": "199.99", "for_everyone": true, "description": "", "interested": 0, "stages": 3}}, {"model": "Myapp.course", "pk": 2, "fields": {"topic": 4, "name": "CCNA", "price": "199.99", "for_everyone": true, "description": "", "interested": 0, "stages": 3}}, {"model": "Myapp.course", "pk": 3, "fields": {"topic": 4, "name": "AWS", "price": "119.99", "for_everyone": true, "description": "", "interested": 0, "stages": 3}}, {"model": "Myapp.course", "pk": 4, "fields": {"topic": 4, "name": "CompTIA Security", "price": "139.99", "for_everyone": true, "description": "", "interested": 0, "stages": 3}}, {"model": "Myapp.course", "pk": 5, "fields": {"topic": 4, "name": "Oracle SQL", "price": "159.99", "for_everyone": true, "description": "", "interested": 0, "stages": 3}}, {"model": "Myapp.course", "pk": 6, "fields": {"topic": 3, "name": "Microeconomics", "price": "199.99", "for_everyone": true, "description": "", "interested": 0, "stages": 3}}, {"model": "Myapp.course", "pk": 7, "fields": {"topic": 3, "name": "Introduction to Economics", "price": "174.99", "for_everyone": true, "description": "", "interested": 0, "stages": 3}}, {"model": "Myapp.course", "pk": 8, "fields": {"topic": 3, "name": "Global Economics", "price": "149.99", "for_everyone": true, "description": "", "interested": 0, "stages": 3}}, {"model": "Myapp.course", "pk": 9, "fields": {"topic": 1, "name": "Web Design", "price": "159.99", "for_everyone": true, "description": "", "interested": 3, "stages": 3}}, {"model": "Myapp.course", "pk": 10, "fields": {"topic": 1, "name": "Web Develooment Masterclass", "price": "124.99", "for_everyone": true, "description": "", "interested": 4, "stages": 3}}, {"model": "Myapp.course", "pk": 11, "fields": {"topic": 1, "name": "Build Responsive Websites", "price": "149.99", "for_everyone": true, "description": "", "interested": 0, "stages": 3}}, {"model": "Myapp.course", "pk": 12, "fields": {"topic": 2, "name": "Innovation for Buinsess", "price": "174.99", "for_everyone": true, "description": "", "interested": 25, "stages": 3}}, {"model": "Myapp.course", "pk": 13, "fields": {"topic": 2, "name": "Leadership Skills", "price": "184.99", "for_everyone": true, "description": "", "interested": 0, "stages": 3}}, {"model": "Myapp.course", "pk": 14, "fields": {"topic": 2, "name": "Project Management", "price": "149.99", "for_everyone": true, "description": "", "interested": 0, "stages": 3}}, {"model": "Myapp.order", "pk": 1, "fields": {"course": 2, "student": 2, "levels": null, "order_status": 1, "order_date": "2022-06-10", "order_price": "0.00"}}, {"model": "Myapp.order", "pk": 2, "fields": {"course": 1, "student": 3, "levels": null, "order_status": 1, "order_date": null, "order_price": "0.00"}}, {"model": "Myapp.order", "pk": 3, "fields": {"course": 6, "student": 6, "levels": null, "order_status": 1, "order_date": null, "order_price": "0.00"}}, {"model": "Myapp.order", "pk": 4, "fields": {"course": 3, "student": 2, "levels": 3, "order_status": 1, "order_date": "2022-01-08", "order_price": "0.00"}}, {"model": "Myapp.order", "pk": 5, "fields": {"course": 6, "student": 6, "levels": 1, "order_status": 1, "order_date": "2022-01-01", "order_price": "0.00"}}, {"model": "Myapp.order", "pk": 6, "fields": {"course": 5, "student": 3, "levels": 2, "order_status": 1, "order_date": "2022-02-02", "order_price": "143.99"}}, {"model": "Myapp.order", "pk": 7, "fields": {"course": 1, "student": 6, "levels": 1, "order_status": 1, "order_date": "2022-01-01", "order_price": "179.99"}}, {"model": "Myapp.order", "pk": 8, "fields": {"course": 5, "student": 5, "levels": 2, "order_status": 1, "order_date": "2022-01-01", "order_price": "143.99"}}, {"model": "Myapp.order", "pk": 9, "fields": {"course": 4, "student": 5, "levels": 1, "order_status": 1, "order_date": "2023-02-02", "order_price": "0.00"}}, {"model": "Myapp.order", "pk": 10, "fields": {"course": 10, "student": 5, "levels": 2, "order_status": 1, "order_date": "2025-04-03", "order_price": "0.00"}}, {"model": "Myapp.order", "pk": 11, "fields": {"course": 14, "student": 5, "levels": 1, "order_status": 1, "order_date": "2028-04-03", "order_price": "0.00"}}, {"model": "Myapp.order", "pk": 12, "fields": {"course": 13, "student": 5, "levels": 1, "order_status": 1, "order_date": "2022-01-02", "order_price": "166.49"}}, {"model": "Myapp.order", "pk": 13, "fields": {"course": 2, "student": 10, "levels": 2, "order_status": 1, "order_date": "2022-01-02", "order_price": "179.99"}}, {"model": "Myapp.order", "pk": 14, "fields": {"course": 5, "student": 5, "levels": 1, "order_status": 1, "order_date": "2022-01-01", "order_price": "143.99"}}, {"model": "Myapp.order", "pk": 15, "fields": {"course": 5, "student": 2, "levels": 1, "order_status": 1, "order_date": "2022-01-01", "order_price": "143.99"}}]